marketplace_sku,internal_sku,pack_qty,cost_price,supplier,dimensions,category
A-TSHIRT-BLACK-PRINT-SUCCESSFORMULA-L,A-TSHIRT-BLACK-PRINT-SUCCESSFORMULA-L,1,0,lowercase,,T-Shirts
BEANIE-SHORTFUR-BROWN,BEANIE-SHORTFUR-BROWN,1,0,lowercase,,Beanies
BEANIE-FOLD-KING-ASHGREEN,BEANIE-FOLD-KING-ASHGREEN,1,0,lowercase,,Beanies
A-TSHIRT-BLACK-PRINT-SUCCESSFORMULA-XXL,A-TSHIRT-BLACK-PRINT-SUCCESSFORMULA-XXL,1,0,lowercase,,T-Shirts
BEANIE-FOLD-BRAND-GREY,BEANIE-FOLD-BRAND-GREY,1,0,lowercase,,Beanies
BEANIE-FOLD-PLAIN-BLUE,BEANIE-FOLD-PLAIN-BLUE,1,0,lowercase,,Beanies
A-TSHIRT-BLACK-PRINT-FUTURISTICSPACE-XL,A-TSHIRT-BLACK-PRINT-FUTURISTICSPACE-XL,1,0,lowercase,,T-Shirts
BEANIE-SILK- SHORT-GREY,BEANIE-SILK- SHORT-GREY,1,0,lowercase,,Beanies
CAP-BASEBALL-NY-PO2-WHITEBLACK,CAP-BASEBALL-NY-WHITEBLACK,2,0,lowercase,,Caps
A-TSHIRT-BLACK-PRINT-GTAWAITS-2XL,A-TSHIRT-BLACK-PRINT-GTAWAITS-2XL,1,0,lowercase,,T-Shirts
BEANIE-FUR-SHORT-MAROON,BEANIE-FUR-SHORT-MAROON,1,0,lowercase,,Beanies
CAP-BASEBALL-NY-MAROONWHITE,CAP-BASEBALL-NY-MAROONWHITE,1,0,lowercase,,Caps
2L-4L4E-SECU,2L-4L4E-SECU,1,0,none,,
BEANIE-SLOUCHY-LONG-NAVYBLUE,BEANIE-SLOUCHY-LONG-NAVYBLUE,1,0,lowercase,,Beanies
CAP-BASEBALL-NY-WHITEWHITE,CAP-BASEBALL-NY-WHITEWHITE,1,0,lowercase,,Caps
BANDANA-HANKY-PAISLEYPO3-REDNAVYWHITE,BANDANA-HANKY-PAISLEYPO3-REDNAVYWHITE,1,0,lowercase,,Bandanas
BANDANA-SKULL-ORANGE,BANDANA-SKULL-ORANGE,1,0,lowercase,,Bandanas
BEANIE-SLOUCHY-LONG-BIEGE,BEANIE-SLOUCHY-LONG-BIEGE,1,0,lowercase,,Beanies
59-10E8-ZXMS,59-10E8-ZXMS,1,0,none,,
A-TSHIRT-BLACK-PRINT-GREATTHINGSAWAIT-M,A-TSHIRT-BLACK-PRINT-GREATTHINGSAWAIT-M,1,0,lowercase,,T-Shirts
A-TSHIRT-BLACK-PRINT-GREATTHINGSAWAIT-L,A-TSHIRT-BLACK-PRINT-GREATTHINGSAWAIT-L,1,0,lowercase,,T-Shirts
BEANIE-FUR-SHORT-BLACK,BEANIE-FUR-SHORT-BLACK,1,0,lowercase,,Beanies
BANDANA-HANKY-PAISLEYPO3-BLACKNAVYWHITE,BANDANA-HANKY-PAISLEYPO3-BLACKNAVYWHITE,1,0,lowercase,,Bandanas
BEANIE-FOLD-BRAND-BLUE,BEANIE-FOLD-BRAND-BLUE,1,0,lowercase,,Beanies
BEANIE-FUR-SHORT-BROWN,BEANIE-FUR-SHORT-BROWN,1,0,lowercase,,Beanies
A-TSHIRT-BLACK-PRINT-SUCCESSFORMULA-M,A-TSHIRT-BLACK-PRINT-SUCCESSFORMULA-M,1,0,lowercase,,T-Shirts
BEANIE-FUROUT-SHORT-BLUE,BEANIE-FUROUT-SHORT-BLUE,1,0,lowercase,,Beanies
CAP-BASEBALL-NY-BLACKWHITE_,CAP-BASEBALL-NY-BLACKWHITE_,1,0,lowercase,,Caps
BEANIE-SHORTFUR-OLIVE,BEANIE-SHORTFUR-OLIVE,1,0,lowercase,,Beanies
A-TSHIRT-BLACK-PRINT-ARTISLIFE-XL,A-TSHIRT-BLACK-PRINT-ARTISLIFE-XL,1,0,lowercase,,T-Shirts
48-J9LB-ACWM,48-J9LB-ACWM,1,0,none,,
BANDANA-PACKOF5-PATTERN-MULTICOLOR,BANDANA-PATTERN-MULTICOLOR,5,0,lowercase,,Bandanas
BEANIE-FUR-SHORT-PURPLE,BEANIE-FUR-SHORT-PURPLE,1,0,lowercase,,Beanies
A-TSHIRT-BLACK-PRINT-FUTURISTICSPACE-L,A-TSHIRT-BLACK-PRINT-FUTURISTICSPACE-L,1,0,lowercase,,T-Shirts
A-TSHIRT-BLACK-PRINT-FUTURISTICSPACE-M,A-TSHIRT-BLACK-PRINT-FUTURISTICSPACE-M,1,0,lowercase,,T-Shirts
BEANIE-FOLD-KING-GREEN,BEANIE-FOLD-KING-GREEN,1,0,lowercase,,Beanies
BEANIE-SLOUCHY-LONG-GREEN,BEANIE-SLOUCHY-LONG-GREEN,1,0,lowercase,,Beanies
BEANIE-SHORT-SPORTS-BLUE,BEANIE-SHORT-SPORTS-BLUE,1,0,lowercase,,Beanies
CAP-BASEBALL-NY-PO2-GREYBLACK,CAP-BASEBALL-NY-GREYBLACK,2,0,lowercase,,Caps
BEANIE-FOLD-BRAND-LIGHTBROWN,BEANIE-FOLD-BRAND-LIGHTBROWN,1,0,lowercase,,Beanies
BEANIE-SHORT-SPORTS-BROWN,BEANIE-SHORT-SPORTS-BROWN,1,0,lowercase,,Beanies
A-TSHIRT-BLACK-PRINT-GREATTHINGSAWAIT-XL,A-TSHIRT-BLACK-PRINT-GREATTHINGSAWAIT-XL,1,0,lowercase,,T-Shirts
BEANIE-FOLD-BRAND-MAROON,BEANIE-FOLD-BRAND-MAROON,1,0,lowercase,,Beanies
A-TSHIRT-BLACK-PRINT-ARTISLIFE-XXL,A-TSHIRT-BLACK-PRINT-ARTISLIFE-XXL,1,0,lowercase,,T-Shirts
BEANIE-SHORT-SPORTS-MAROON,BEANIE-SHORT-SPORTS-MAROON,1,0,lowercase,,Beanies
BEANIE-SHORT-ZIPPER-BLUE,BEANIE-SHORT-ZIPPER-BLUE,1,0,lowercase,,Beanies
BEANIE-FUROUT-SHORT-GREY,BEANIE-FUROUT-SHORT-GREY,1,0,lowercase,,Beanies
BANDANA-SKULL-RED,BANDANA-SKULL-RED,1,0,lowercase,,Bandanas
BEANIE-SLOUCHY-LONG-BROWN,BEANIE-SLOUCHY-LONG-BROWN,1,0,lowercase,,Beanies
A-TSHIRT-BLACK-PRINT-BRITISHARMY-XXL,A-TSHIRT-BLACK-PRINT-BRITISHARMY-XXL,1,0,lowercase,,T-Shirts
CAP-BASEBALL-NY-GREYWHITE,CAP-BASEBALL-NY-GREYWHITE,1,0,lowercase,,Caps
14-32DR-R138,14-32DR-R138,1,0,none,,
5I-PC1Y-AVWS,5I-PC1Y-AVWS,1,0,none,,
25-UZ7P-MB9Z,25-UZ7P-MB9Z,1,0,none,,
A-TSHIRT-BLACK-PRINT-AMPM-XXL,A-TSHIRT-BLACK-PRINT-AMPM-XXL,1,0,lowercase,,T-Shirts
Black_Black_3,Black_Black_3,1,0,none,,
CAP-BASEBALL-NET-HALF-RED-WHITE,CAP-BASEBALL-NET-HALF-RED-WHITE,1,0,lowercase,,Caps
A-TSHIRT-BLACK-PRINT-BETHEUNIQUEONE-M,A-TSHIRT-BLACK-PRINT-BETHEUNIQUEONE-M,1,0,lowercase,,T-Shirts
A-TSHIRT-BLACK-PRINT-BETHEUNIQUEONE-XL,A-TSHIRT-BLACK-PRINT-BETHEUNIQUEONE-XL,1,0,lowercase,,T-Shirts
BANDANA-SKULL-GREEN,BANDANA-SKULL-GREEN,1,0,lowercase,,Bandanas
CAP-BASEBALL-NET-HALF-WHITE,CAP-BASEBALL-NET-HALF-WHITE,1,0,lowercase,,Caps
A-TSHIRT-BLACK-PRINT-MOONCHILD-XXL,A-TSHIRT-BLACK-PRINT-MOONCHILD-XXL,1,0,lowercase,,T-Shirts
CAP-BASEBALL-NET-HALF-BLACK,CAP-BASEBALL-NET-HALF-BLACK,1,0,lowercase,,Caps
BEANIE-FOLD-PLAIN-GREY,BEANIE-FOLD-PLAIN-GREY,1,0,lowercase,,Beanies
96-7KTF-QMRW,96-7KTF-QMRW,1,0,none,,
BEANIE-LONGFUR-BLACK,BEANIE-LONGFUR-BLACK,1,0,lowercase,,Beanies
CAP-BASEBALL-PLAIN-AQUA,CAP-BASEBALL-PLAIN-AQUA,1,0,lowercase,,Caps
A-TSHIRT-BLACK-PRINT-SOCOOL-XXL,A-TSHIRT-BLACK-PRINT-SOCOOL-XXL,1,0,lowercase,,T-Shirts
AK-ZZR6-ZP97,AK-ZZR6-ZP97,1,0,none,,
BEANIE-SHORT-SPORTS-BLACKBEANIE-SHORT-SP,BEANIE-SHORT-SPORTS-BLACKBEANIE-SHORT-SP,1,0,lowercase,,Beanies
A-TSHIRT-BLACK-PRINT-THEMOON-XXL,A-TSHIRT-BLACK-PRINT-THEMOON-XXL,1,0,lowercase,,T-Shirts
BANDANA-PACKOF5-SKULL-MULTICOLOR,BANDANA-SKULL-MULTICOLOR,5,0,lowercase,,Bandanas
CAP-BASEBALL-NY-CHARCOALWHITE,CAP-BASEBALL-NY-CHARCOALWHITE,1,0,lowercase,,Caps
CAP-BASEBALL-NET-HALF-GREEN,CAP-BASEBALL-NET-HALF-GREEN,1,0,lowercase,,Caps
A-TSHIRT-BLACK-PRINT-BETHEUNIQUEONE-XXL,A-TSHIRT-BLACK-PRINT-BETHEUNIQUEONE-XXL,1,0,lowercase,,T-Shirts
CAP-BASEBALL-NY-BLACKBLACK,CAP-BASEBALL-NY-BLACKBLACK,1,0,lowercase,,Caps
BEANIE-SILK- SHORT-BLUE,BEANIE-SILK- SHORT-BLUE,1,0,lowercase,,Beanies
A-TSHIRT-BLACK-PRINT-BETHEUNIQUEONE-L,A-TSHIRT-BLACK-PRINT-BETHEUNIQUEONE-L,1,0,lowercase,,T-Shirts
BEANIE-FOLD-KING-LIGHTGREEN,BEANIE-FOLD-KING-LIGHTGREEN,1,0,lowercase,,Beanies
A-TSHIRT-BLACK-PRINT-SUN-L,A-TSHIRT-BLACK-PRINT-SUN-L,1,0,lowercase,,T-Shirts
CAP-BASEBALL-NY-OLIVEWHITE,CAP-BASEBALL-NY-OLIVEWHITE,1,0,lowercase,,Caps
BEANIE-SHORTFUR-GREY,BEANIE-SHORTFUR-GREY,1,0,lowercase,,Beanies
BANDANA-PACKOF5-SOLID-MULTICOLOR,BANDANA-SOLID-MULTICOLOR,5,0,lowercase,,Bandanas
CAP-BASEBALL-NET-BLACK,CAP-BASEBALL-NET-BLACK,1,0,lowercase,,Caps
A-TSHIRT-BLACK-PRINT-SOCOOL-M,A-TSHIRT-BLACK-PRINT-SOCOOL-M,1,0,lowercase,,T-Shirts
BEANIE-LONGFUR-MAROON,BEANIE-LONGFUR-MAROON,1,0,lowercase,,Beanies
A-TSHIRT-BLACK-PRINT-SOCOOL-L,A-TSHIRT-BLACK-PRINT-SOCOOL-L,1,0,lowercase,,T-Shirts
AK-O5V0-6K6W,AK-O5V0-6K6W,1,0,none,,
CAP-BASEBALL-NY-BLACKWHITE,CAP-BASEBALL-NY-BLACKWHITE,1,0,lowercase,,Caps
BEANIE-SHORT-PLAIN-BLACK,BEANIE-SHORT-PLAIN-BLACK,1,0,lowercase,,Beanies
A-TSHIRT-BLACK-PRINT-THEMOON-XL,A-TSHIRT-BLACK-PRINT-THEMOON-XL,1,0,lowercase,,T-Shirts
Black_Olive_4,Black_Olive_4,1,0,none,,
BEANIE-LONGFUR-NAVYBLUE,BEANIE-LONGFUR-NAVYBLUE,1,0,lowercase,,Beanies
BEANIE-LONGFUR-BEIGE,BEANIE-LONGFUR-BEIGE,1,0,lowercase,,Beanies
A-TSHIRT-BLACK-PRINT-MOONCHILD-L,A-TSHIRT-BLACK-PRINT-MOONCHILD-L,1,0,lowercase,,T-Shirts
BEANIE-FOLD-BRAND-SKIN,BEANIE-FOLD-BRAND-SKIN,1,0,lowercase,,Beanies
BEANIE-SHORTFUR-YELLOW,BEANIE-SHORTFUR-YELLOW,1,0,lowercase,,Beanies
A-TSHIRT-BLACK-PRINT-MOONCHILD-M,A-TSHIRT-BLACK-PRINT-MOONCHILD-M,1,0,lowercase,,T-Shirts
BEANIE-FOLD-2PLAIN-YELLOW,BEANIE-FOLD-2PLAIN-YELLOW,1,0,lowercase,,Beanies
A-TSHIRT-BLACK-PRINT-SUN-M,A-TSHIRT-BLACK-PRINT-SUN-M,1,0,lowercase,,T-Shirts
BANDANA-PACKOF5-PATTERN-CAMOREGULAR,BANDANA-PATTERN-CAMOREGULAR,5,0,lowercase,,Bandanas
6M-ED1M-LTHQ,6M-ED1M-LTHQ,1,0,none,,
A-TSHIRT-BLACK-PRINT-MOONCHILD-XL,A-TSHIRT-BLACK-PRINT-MOONCHILD-XL,1,0,lowercase,,T-Shirts
BANDANA-PACKOF5-PATTERN-SKULL,BANDANA-PATTERN-SKULL,5,0,lowercase,,Bandanas
BANDANA-SKULL-WHITE1,BANDANA-SKULL-WHITE1,1,0,lowercase,,Bandanas
A-TSHIRT-BLACK-PRINT-SOCOOL-XL,A-TSHIRT-BLACK-PRINT-SOCOOL-XL,1,0,lowercase,,T-Shirts
BEANIE-FOLD-2PLAIN-BLUE,BEANIE-FOLD-2PLAIN-BLUE,1,0,lowercase,,Beanies
BEANIE-FOLD-KING-BLUE,BEANIE-FOLD-KING-BLUE,1,0,lowercase,,Beanies
BEANIE-DARKGREY,BEANIE-DARKGREY,1,0,lowercase,,Beanies
BEANIE-SHORT-ZIPPER-MAROON,BEANIE-SHORT-ZIPPER-MAROON,1,0,lowercase,,Beanies
BANDANA-HANKY-PAISLEYPO3-BLACKBLUEORANGE,BANDANA-HANKY-PAISLEYPO3-BLACKBLUEORANGE,1,0,lowercase,,Bandanas
BEANIE-FUR-SHORT-GREY,BEANIE-FUR-SHORT-GREY,1,0,lowercase,,Beanies
A-TSHIRT-BLACK-PRINT-THEMOON-L,A-TSHIRT-BLACK-PRINT-THEMOON-L,1,0,lowercase,,T-Shirts
Arm-White,Arm-White,1,0,none,,
CAP-BASEBALL-NY-REDWHITE,CAP-BASEBALL-NY-REDWHITE,1,0,lowercase,,Caps
BEANIE-SILK- SHORT-BROWN,BEANIE-SILK- SHORT-BROWN,1,0,lowercase,,Beanies
CAP-BASEBALL-NY-NAVYWHITE,CAP-BASEBALL-NY-NAVYWHITE,1,0,lowercase,,Caps
BEANIE-BLUE,BEANIE-BLUE,1,0,lowercase,,Beanies
BANDANA-HANKY-PAISLEYPO3-BLUENAVYPURPLE,BANDANA-HANKY-PAISLEYPO3-BLUENAVYPURPLE,1,0,lowercase,,Bandanas
BEANIE-SHORT-ZIPPER-BLACK,BEANIE-SHORT-ZIPPER-BLACK,1,0,lowercase,,Beanies
A-TSHIRT-BLACK-PRINT-SUN-XXL,A-TSHIRT-BLACK-PRINT-SUN-XXL,1,0,lowercase,,T-Shirts
0F-EQQL-OWJR,0F-EQQL-OWJR,1,0,none,,
8D-6GQZ-DKR2,8D-6GQZ-DKR2,1,0,none,,
BANDANA-HANKY-PAISLEYPO3-ORANGENAVYWHITE,BANDANA-HANKY-PAISLEYPO3-ORANGENAVYWHITE,1,0,lowercase,,Bandanas
1B-6PKG-XW5X,1B-6PKG-XW5X,1,0,none,,
A-TSHIRT-BLACK-PRINT-COFFEE-XXL,A-TSHIRT-BLACK-PRINT-COFFEE-XXL,1,0,lowercase,,T-Shirts
A-TSHIRT-BLACK-PRINT-COFFEE-XL,A-TSHIRT-BLACK-PRINT-COFFEE-XL,1,0,lowercase,,T-Shirts
BEANIE-SLOUCHY-LONG-BLACK,BEANIE-SLOUCHY-LONG-BLACK,1,0,lowercase,,Beanies
BEANIE-LONG-SLOUCHY-BLACK,BEANIE-LONG-SLOUCHY-BLACK,1,0,lowercase,,Beanies
BEANIE-FUROUT-SHORT-MAROON,BEANIE-FUROUT-SHORT-MAROON,1,0,lowercase,,Beanies
BEANIE-FUR-SHORT-BEIGE,BEANIE-FUR-SHORT-BEIGE,1,0,lowercase,,Beanies
BEANIE-FOLD-PLAIN-DARKGREEN,BEANIE-FOLD-PLAIN-DARKGREEN,1,0,lowercase,,Beanies
A-TSHIRT-BLACK-PRINT-THEMOON-M,A-TSHIRT-BLACK-PRINT-THEMOON-M,1,0,lowercase,,T-Shirts
A-TSHIRT-BLACK-PRINT-SUN-XL,A-TSHIRT-BLACK-PRINT-SUN-XL,1,0,lowercase,,T-Shirts
BANDANA-HANKY-PAISLEYPO3-BLACKREDWHITE,BANDANA-HANKY-PAISLEYPO3-BLACKREDWHITE,1,0,lowercase,,Bandanas
BEANIE-SILK- SHORT-MAROON,BEANIE-SILK- SHORT-MAROON,1,0,lowercase,,Beanies
BEANIE-SHORT-NEWFASHION-BLACK,BEANIE-SHORT-NEWFASHION-BLACK,1,0,lowercase,,Beanies
CAP-BASEBALL-NY-BEIGEBLACK,CAP-BASEBALL-NY-BEIGEBLACK,1,0,lowercase,,Caps
BEANIE-LONGFUR-BROWN,BEANIE-LONGFUR-BROWN,1,0,lowercase,,Beanies
BANDANA-HANKY-PAISLEYPO3-ORANGEREDMAROON,BANDANA-HANKY-PAISLEYPO3-ORANGEREDMAROON,1,0,lowercase,,Bandanas
BEANIE-FOLD-2PLAIN-OLIVE,BEANIE-FOLD-2PLAIN-OLIVE,1,0,lowercase,,Beanies
BANDANA-PACKOF5-PATTERN-CAMOCHECKED,BANDANA-PATTERN-CAMOCHECKED,5,0,lowercase,,Bandanas
BEANIE-LONGFUR-CHARCOAL,BEANIE-LONGFUR-CHARCOAL,1,0,lowercase,,Beanies
BEANIE-SLOUCHY-LONG-MAROON,BEANIE-SLOUCHY-LONG-MAROON,1,0,lowercase,,Beanies
A-TSHIRT-BLACK-PRINT-COFFEE-M,A-TSHIRT-BLACK-PRINT-COFFEE-M,1,0,lowercase,,T-Shirts
BANDANA-PACKOF5-PATTERN-BLACK,BANDANA-PATTERN-BLACK,5,0,lowercase,,Bandanas
A-TSHIRT-BLACK-PRINT-COFFEE-L,A-TSHIRT-BLACK-PRINT-COFFEE-L,1,0,lowercase,,T-Shirts
BEANIE-FOLD-2PLAIN-BROWN,BEANIE-FOLD-2PLAIN-BROWN,1,0,lowercase,,Beanies
A-TSHIRT-BLACK-PRINT-BRITISHARMY-XL,A-TSHIRT-BLACK-PRINT-BRITISHARMY-XL,1,0,lowercase,,T-Shirts
BEANIE-SHORT-ZIPPER-MAROON-PRIME,BEANIE-SHORT-ZIPPER-MAROON-PRIME,1,0,lowercase,,Beanies
BEANIE-FOLD-PLAIN-OLIVE,BEANIE-FOLD-PLAIN-OLIVE,1,0,lowercase,,Beanies
BEANIE-SHORT-ZIPPER-BLACK-PRIME,BEANIE-SHORT-ZIPPER-BLACK-PRIME,1,0,lowercase,,Beanies
BEANIE-FOLD-BRAND-GREEN,BEANIE-FOLD-BRAND-GREEN,1,0,lowercase,,Beanies
BEANIE-FUROUT-SHORT-BLACK,BEANIE-FUROUT-SHORT-BLACK,1,0,lowercase,,Beanies
A-TSHIRT-BLACK-PRINT-FUTURISTICSPACE-XXL,A-TSHIRT-BLACK-PRINT-FUTURISTICSPACE-XXL,1,0,lowercase,,T-Shirts
A-TSHIRT-BLACK-PRINT-SARCASM-XXL,A-TSHIRT-BLACK-PRINT-SARCASM-XXL,1,0,lowercase,,T-Shirts
A-TSHIRT-BLACK-PRINT-SARCASM-L,A-TSHIRT-BLACK-PRINT-SARCASM-L,1,0,lowercase,,T-Shirts
BEANIE-FOLD-PLAIN-BLACK,BEANIE-FOLD-PLAIN-BLACK,1,0,lowercase,,Beanies
3F-Q7TE-5DAL,3F-Q7TE-5DAL,1,0,none,,
2W-LKH7-FA8Z,2W-LKH7-FA8Z,1,0,none,,
BEANIE-SHORT-SPORTS-BLACK,BEANIE-SHORT-SPORTS-BLACK,1,0,lowercase,,Beanies
BEANIE-SHORTFUR-BEIGE,BEANIE-SHORTFUR-BEIGE,1,0,lowercase,,Beanies
A-TSHIRT-BLACK-PRINT-SARCASM-M,A-TSHIRT-BLACK-PRINT-SARCASM-M,1,0,lowercase,,T-Shirts
BEANIE-SHORT-SPORTS-GREY,BEANIE-SHORT-SPORTS-GREY,1,0,lowercase,,Beanies
CAP-BASEBALL-NET-HALF-PINK,CAP-BASEBALL-NET-HALF-PINK,1,0,lowercase,,Caps
BEANIE-FUR-SHORT-YELLOW,BEANIE-FUR-SHORT-YELLOW,1,0,lowercase,,Beanies
BEANIE-SHORTFUR-BLACK,BEANIE-SHORTFUR-BLACK,1,0,lowercase,,Beanies
A-TSHIRT-BLACK-PRINT-BRITISHARMY-M,A-TSHIRT-BLACK-PRINT-BRITISHARMY-M,1,0,lowercase,,T-Shirts
BEANIE-FUR-SHORT-GREEN,BEANIE-FUR-SHORT-GREEN,1,0,lowercase,,Beanies
CAP-BASEBALL-NET-HALF-NAVYBLUE,CAP-BASEBALL-NET-HALF-NAVYBLUE,1,0,lowercase,,Caps
A-TSHIRT-BLACK-PRINT-AMPM-L,A-TSHIRT-BLACK-PRINT-AMPM-L,1,0,lowercase,,T-Shirts
BEANIE-FUR-SHORT-RED,BEANIE-FUR-SHORT-RED,1,0,lowercase,,Beanies
BEANIE-SHORT-ZIPPER-BLUE-PRIME,BEANIE-SHORT-ZIPPER-BLUE-PRIME,1,0,lowercase,,Beanies
A-TSHIRT-BLACK-PRINT-AMPM-M,A-TSHIRT-BLACK-PRINT-AMPM-M,1,0,lowercase,,T-Shirts
CAP-BASEBALL-NY-WHITEBLACK,CAP-BASEBALL-NY-WHITEBLACK,1,0,lowercase,,Caps
A-TSHIRT-BLACK-PRINT-SARCASM-XL,A-TSHIRT-BLACK-PRINT-SARCASM-XL,1,0,lowercase,,T-Shirts
CAP-BASEBALL-LO-GREYWHITE,CAP-BASEBALL-LO-GREYWHITE,1,0,lowercase,,Caps
A-TSHIRT-BLACK-PRINT-AMPM-XL,A-TSHIRT-BLACK-PRINT-AMPM-XL,1,0,lowercase,,T-Shirts
BEANIE-SHORTFUR-RED,BEANIE-SHORTFUR-RED,1,0,lowercase,,Beanies
BANDANA-PACKOF5-PATTERN-BLUE,BANDANA-PATTERN-BLUE,5,0,lowercase,,Bandanas
BEANIE-FOLD-PLAIN-SKIN,BEANIE-FOLD-PLAIN-SKIN,1,0,lowercase,,Beanies
BEANIE-FOLD-KING-BROWN,BEANIE-FOLD-KING-BROWN,1,0,lowercase,,Beanies
A-TSHIRT-BLACK-PRINT-ARTISLIFE-M,A-TSHIRT-BLACK-PRINT-ARTISLIFE-M,1,0,lowercase,,T-Shirts
A-TSHIRT-BLACK-PRINT-ARTISLIFE-L,A-TSHIRT-BLACK-PRINT-ARTISLIFE-L,1,0,lowercase,,T-Shirts
BANDANA-SKULL-PURPLE,BANDANA-SKULL-PURPLE,1,0,lowercase,,Bandanas
BEANIE-FUR-SHORT-BLUE,BEANIE-FUR-SHORT-BLUE,1,0,lowercase,,Beanies
Arm-Full-Black,Arm-Full-Black,1,0,none,,
BEANIE-FOLD-KING-MAROON,BEANIE-FOLD-KING-MAROON,1,0,lowercase,,Beanies
CAP-BASEBALL-NY-WHITEBLACK_,CAP-BASEBALL-NY-WHITEBLACK_,1,0,lowercase,,Caps
A-TSHIRT-BLACK-PRINT-SUCCESSFORMULA-XL,A-TSHIRT-BLACK-PRINT-SUCCESSFORMULA-XL,1,0,lowercase,,T-Shirts
BEANIE-FOLD-PLAIN-GREEN,BEANIE-FOLD-PLAIN-GREEN,1,0,lowercase,,Beanies
3R-G5AS-5WL1,3R-G5AS-5WL1,1,0,none,,
CAP-BASEBALL-NY-NAVYNAVY,CAP-BASEBALL-NY-NAVYNAVY,1,0,lowercase,,Caps
BANDANA-PACKOF5-SOLID-BLACK,BANDANA-SOLID-BLACK,5,0,lowercase,,Bandanas
BANDANA-HANKY-PAISLEYPO3-PURPLEREDWHITE,BANDANA-HANKY-PAISLEYPO3-PURPLEREDWHITE,1,0,lowercase,,Bandanas
BEANIE-FOLD-2PLAIN-GREEN,BEANIE-FOLD-2PLAIN-GREEN,1,0,lowercase,,Beanies
BEANIE-FOLD-2PLAIN-MAROON,BEANIE-FOLD-2PLAIN-MAROON,1,0,lowercase,,Beanies
A-TSHIRT-BLACK-PRINT-BRITISHARMY-L,A-TSHIRT-BLACK-PRINT-BRITISHARMY-L,1,0,lowercase,,T-Shirts
AG-MFT8-S8CP,AG-MFT8-S8CP,1,0,none,,
BANDANA-SKULL-BLUE,BANDANA-SKULL-BLUE,1,0,lowercase,,Bandanas
L-CAP-BASEBALL-NET-HALF-OLIVE,L-CAP-BASEBALL-NET-HALF-OLIVE,1,0,lowercase,,Caps
PLANTER-MULTICOLOUR-DOUBLEHOOK9-P06,PLANTER-MULTICOLOUR-DOUBLEHOOK9,6,0,MEEPO,,Planters
CAPS-PARA-GREY,CAPS-PARA-GREY,1,0,lowercase,,Caps
CAPS-PARA-AIRFORCE,CAPS-PARA-AIRFORCE,1,0,lowercase,,Caps
L-CAP-RAIN-BASEBALL-GREY,L-CAP-RAIN-BASEBALL-GREY,1,0,lowercase,,Caps
MASK-HALFBIKER-BLACK,MASK-HALFBIKER-BLACK,1,0,lowercase,,Face Masks
PLANTER-MULTICOLOUR-DOUBLEHOOK11-P03,PLANTER-MULTICOLOUR-DOUBLEHOOK11,3,0,MEEPO,,Planters
L-CAP-BASEBALL-PO2-GREYWHITE,L-CAP-BASEBALL-GREYWHITE,2,0,lowercase,,Caps
Cap-BC25,Cap-BC25,1,0,lowercase,,Caps
L-CAP-RAIN-BASEBALL-GREEN,L-CAP-RAIN-BASEBALL-GREEN,1,0,lowercase,,Caps
KZ-CP7E-HHML,KZ-CP7E-HHML,1,0,none,,
MUFFLER-STRIPE-MAROON-BLACK,MUFFLER-STRIPE-MAROON-BLACK,1,0,none,,Mufflers & Scarves
CAP-BASEBALL-PLAIN-ARMY,CAP-BASEBALL-PLAIN-ARMY,1,0,lowercase,,Caps
L-CAP-BASEBALL-PO2-BLACKPINK,L-CAP-BASEBALL-BLACKPINK,2,0,lowercase,,Caps
PLANTER-BROWN-SQUARE-ORCHID8-P08,PLANTER-BROWN-SQUARE-ORCHID8,8,0,MEEPO,,Planters
PLANTER-MULTICOLOUR-HANGINGPLANTER8-P06,PLANTER-MULTICOLOUR-HANGINGPLANTER8,6,0,MEEPO,,Planters
PLANTER-BROWN-SQUARE-ORCHID12-P08,PLANTER-BROWN-SQUARE-ORCHID12,8,0,MEEPO,,Planters
CAP-WHITE-NETTED,CAP-WHITE-NETTED,1,0,lowercase,,Caps
MUFFLER-COMP-GREY,MUFFLER-COMP-GREY,1,0,none,,Mufflers & Scarves
L-CAP-RAIN-BASEBALL-PURPLE,L-CAP-RAIN-BASEBALL-PURPLE,1,0,lowercase,,Caps
PLANTER-BROWN-ROUND-ROSE10-P04,PLANTER-BROWN-ROUND-ROSE10,4,0,MEEPO,,Planters
PLANTER-BROWN-RECTANGLE-ORCHID20-P01,PLANTER-BROWN-RECTANGLE-ORCHID20,1,0,MEEPO,,Planters
DI-6EQ7-4KNX,DI-6EQ7-4KNX,1,0,none,,
PLANTER-COLOUR-HOOK-RAJ9-P02,PLANTER-COLOUR-HOOK-RAJ9,2,0,MEEPO,,Planters
PLANTER-COLOUR-HOOK-RAJ6-P06,PLANTER-COLOUR-HOOK-RAJ6,6,0,MEEPO,,Planters
PLANTER-MULTICOLOUR-HANGINGPLANTER7-P03,PLANTER-MULTICOLOUR-HANGINGPLANTER7,3,0,MEEPO,,Planters
PLANTER-BROWN-ROUND-ROSE12-P08,PLANTER-BROWN-ROUND-ROSE12,8,0,MEEPO,,Planters
PLANTER-COLOUR-HOOK-RAJ6-P02,PLANTER-COLOUR-HOOK-RAJ6,2,0,MEEPO,,Planters
CAPS-PARA-SKYBLUE,CAPS-PARA-SKYBLUE,1,0,lowercase,,Caps
L-CAP-BASEBALL-NET-HALF-NAVYBLUE,L-CAP-BASEBALL-NET-HALF-NAVYBLUE,1,0,lowercase,,Caps
GLOVES-TOUCH-BLACK,GLOVES-TOUCH-BLACK,1,0,none,,Gloves
PLANTER-COLOUR-HOOK-RAJ9-P06,PLANTER-COLOUR-HOOK-RAJ9,6,0,MEEPO,,Planters
L-CAP-BASEBALL-NET-HALF-BLACK,L-CAP-BASEBALL-NET-HALF-BLACK,1,0,lowercase,,Caps
L-CAP-BASEBALL-NET-HALF-CHARCOAL,L-CAP-BASEBALL-NET-HALF-CHARCOAL,1,0,lowercase,,Caps
PLANTER-BROWN-ROUND-ROSE10-P01,PLANTER-BROWN-ROUND-ROSE10,1,0,MEEPO,,Planters
PLANTER-COLOUR-HOOK-RAJ7-P06,PLANTER-COLOUR-HOOK-RAJ7,6,0,MEEPO,,Planters
L-CAP-BASEBALL-NET-HALF-GREEN,L-CAP-BASEBALL-NET-HALF-GREEN,1,0,lowercase,,Caps
L-CAP-BASEBALL-NET-HALF-PINK-WHITE,L-CAP-BASEBALL-NET-HALF-PINK-WHITE,1,0,lowercase,,Caps
PLANTER-BROWN-ROUND-ROSE10-PO1,PLANTER-BROWN-ROUND-ROSE10,1,0,MEEPO,,Planters
L-CAP-BASEBALL-NET-HALF-GREY,L-CAP-BASEBALL-NET-HALF-GREY,1,0,lowercase,,Caps
L-CAP-BASEBALL-PO2-GREYCHARCOAL,L-CAP-BASEBALL-GREYCHARCOAL,2,0,lowercase,,Caps
PLANTER-COLOUR-HOOK-RAJ7-P04,PLANTER-COLOUR-HOOK-RAJ7,4,0,MEEPO,,Planters
L-MASK-HALF-PACKOF1-NAVYBLUE,L-MASK-HALF-NAVYBLUE,1,0,lowercase,,Face Masks
PLANTER-COLOUR-HOOK-RAJ7-P08,PLANTER-COLOUR-HOOK-RAJ7,8,0,MEEPO,,Planters
CAP-BASEBALL-PLAIN-OLIVEGREEN,CAP-BASEBALL-PLAIN-OLIVEGREEN,1,0,lowercase,,Caps
CAP-BASEBALL-PLAIN-MUSTARD,CAP-BASEBALL-PLAIN-MUSTARD,1,0,lowercase,,Caps
CAP-BASEBALL-PLAIN-MAROON,CAP-BASEBALL-PLAIN-MAROON,1,0,lowercase,,Caps
L-CAP-BASEBALL-AQUA,L-CAP-BASEBALL-AQUA,1,0,lowercase,,Caps
L-CAP-BASEBALL-NET-HALF-PINK,L-CAP-BASEBALL-NET-HALF-PINK,1,0,lowercase,,Caps
L-CAP-BASEBALL-PINK,L-CAP-BASEBALL-PINK,1,0,lowercase,,Caps
L-CAP-BASEBALL-MUSTARD,L-CAP-BASEBALL-MUSTARD,1,0,lowercase,,Caps
L-CAP-BASEBALL-BLUE,L-CAP-BASEBALL-BLUE,1,0,lowercase,,Caps
L-CAP-BASEBALL-OLIVEGREEN,L-CAP-BASEBALL-OLIVEGREEN,1,0,lowercase,,Caps
L-CAP-BASEBALL-MAROON,L-CAP-BASEBALL-MAROON,1,0,lowercase,,Caps
L-CAP-BASEBALL-PO2-BLACKCHARCOAL,L-CAP-BASEBALL-BLACKCHARCOAL,2,0,lowercase,,Caps
L-CAP-BASEBALL-CHARCOAL,L-CAP-BASEBALL-CHARCOAL,1,0,lowercase,,Caps
PLANTER-BROWN-ROUND-PLAIN12-P01,PLANTER-BROWN-ROUND-PLAIN12,1,0,MEEPO,,Planters
L-CAP-BASEBALL-PO2-BLACKORANGE,L-CAP-BASEBALL-BLACKORANGE,2,0,lowercase,,Caps
CAPS-PARA-WHITE,CAPS-PARA-WHITE,1,0,lowercase,,Caps
L-MASK-HALF-PACKOF1-BLACK,L-MASK-HALF-BLACK,1,0,lowercase,,Face Masks
L-CAP-BASEBALL-NAVYBLUE,L-CAP-BASEBALL-NAVYBLUE,1,0,lowercase,,Caps
L-CAP-BASEBALL-ORANGE,L-CAP-BASEBALL-ORANGE,1,0,lowercase,,Caps
PLANTER-BROWN-ROUND-ROSE12-P01,PLANTER-BROWN-ROUND-ROSE12,1,0,MEEPO,,Planters
L-CAP-BASEBALL-SKYBLUE,L-CAP-BASEBALL-SKYBLUE,1,0,lowercase,,Caps
L-CAP-BASEBALL-BLACK,L-CAP-BASEBALL-BLACK,1,0,lowercase,,Caps
PLANTER-MULTICOLOUR-DOUBLEHOOK11-P06,PLANTER-MULTICOLOUR-DOUBLEHOOK11,6,0,MEEPO,,Planters
L-CAP-BASEBALL-BEIGE,L-CAP-BASEBALL-BEIGE,1,0,lowercase,,Caps
Cap-WC25,Cap-WC25,1,0,lowercase,,Caps
PLANTER-BROWN-RECTANGLE-ORCHID12-P04,PLANTER-BROWN-RECTANGLE-ORCHID12,4,0,MEEPO,,Planters
PLANTER-BROWN-RECTANGLE-ORCHID14-P02,PLANTER-BROWN-RECTANGLE-ORCHID14,2,0,MEEPO,,Planters
L-CAP-BASEBALL-WHITE,L-CAP-BASEBALL-WHITE,1,0,lowercase,,Caps
PLANTER-MULTICOLOUR-HANGINGPLANTER8-P03,PLANTER-MULTICOLOUR-HANGINGPLANTER8,3,0,MEEPO,,Planters
PLANTER-MULTICOLOUR-HANGINGPLANTER6-P06,PLANTER-MULTICOLOUR-HANGINGPLANTER6,6,0,MEEPO,,Planters
PLANTER-BROWN-RECTANGLE-ORCHID18-P02,PLANTER-BROWN-RECTANGLE-ORCHID18,2,0,MEEPO,,Planters
L-ARMSLEEVES-FULL-GREY,L-ARMSLEEVES-FULL-GREY,1,0,lowercase,,Arm Sleeves
PLANTER-BROWN-RECTANGLE-ORCHID12-P01,PLANTER-BROWN-RECTANGLE-ORCHID12,1,0,MEEPO,,Planters
E4-RT4J-LFIO,E4-RT4J-LFIO,1,0,none,,
PLANTER-BROWN-RECTANGLE-ORCHID18-P01,PLANTER-BROWN-RECTANGLE-ORCHID18,1,0,MEEPO,,Planters
PLANTER-BROWN-ROUND-ROSE8-P04,PLANTER-BROWN-ROUND-ROSE8,4,0,MEEPO,,Planters
PLANTER-BROWN-SQUARE-ORCHID12-P01,PLANTER-BROWN-SQUARE-ORCHID12,1,0,MEEPO,,Planters
L-CAP-BASEBALL-PO2-ORANGEGREY,L-CAP-BASEBALL-ORANGEGREY,2,0,lowercase,,Caps
PLANTER-BROWN-RECTANGLE-ORCHID18-PO1,PLANTER-BROWN-RECTANGLE-ORCHID18,1,0,MEEPO,,Planters
CAP-GOLF-NAVYBLUE,CAP-GOLF-NAVYBLUE,1,0,lowercase,,Caps
PLANTER-COLOUR-HOOK-RAJ6-P04,PLANTER-COLOUR-HOOK-RAJ6,4,0,MEEPO,,Planters
PLANTER-BROWN-ROUND-ROSE8-P08,PLANTER-BROWN-ROUND-ROSE8,8,0,MEEPO,,Planters
CAP-GOLF-BROWN,CAP-GOLF-BROWN,1,0,lowercase,,Caps
PLANTER-COLOUR-HOOK-RAJ9-P08,PLANTER-COLOUR-HOOK-RAJ9,8,0,MEEPO,,Planters
EARMUFFS-PREMIUM,EARMUFFS-PREMIUM,1,0,none,,Earmuffs
L-MASK-HALF-PACKOF4-BLACK,L-MASK-HALF-BLACK,4,0,lowercase,,Face Masks
PLANTER-BROWN-ROUND-ROSE8-P02,PLANTER-BROWN-ROUND-ROSE8,2,0,MEEPO,,Planters
PLANTER-ROUNDORCHID-SAUCER12-12,PLANTER-ROUNDORCHID-SAUCER12-12,1,0,MEEPO,,Planters
L-CAP-BASEBALL-PO2-CHARCOALWHITE,L-CAP-BASEBALL-CHARCOALWHITE,2,0,lowercase,,Caps
PLANTER-BROWN-RECTANGLE-ORCHID12-P02,PLANTER-BROWN-RECTANGLE-ORCHID12,2,0,MEEPO,,Planters
PLANTER-COLOUR-HOOK-RAJ6-P08,PLANTER-COLOUR-HOOK-RAJ6,8,0,MEEPO,,Planters
PLANTER-BROWN-ROUND-PLAIN8-P01,PLANTER-BROWN-ROUND-PLAIN8,1,0,MEEPO,,Planters
PLANTER-ROUNDORCHID-SAUCER12-01,PLANTER-ROUNDORCHID-SAUCER12-01,1,0,MEEPO,,Planters
L-CAP-BASEBALL-PO2-BLACKGREY,L-CAP-BASEBALL-BLACKGREY,2,0,lowercase,,Caps
CARACC-CUSHION-GEL,CARACC-CUSHION-GEL,1,0,none,,Car Accessories
PLANTER-BROWN-RECTANGLE-ORCHID20-P02,PLANTER-BROWN-RECTANGLE-ORCHID20,2,0,MEEPO,,Planters
GIRLS-EARMUFFS,GIRLS-EARMUFFS,1,0,none,,Earmuffs
L-CAP-BASEBALL-PO2-PINKCHARCOAL,L-CAP-BASEBALL-PINKCHARCOAL,2,0,lowercase,,Caps
PLANTER-BROWN-RECTANGLE-ORCHID18-P08,PLANTER-BROWN-RECTANGLE-ORCHID18,8,0,MEEPO,,Planters
PLANTER-BROWN-RECTANGLE-ORCHID14-P08,PLANTER-BROWN-RECTANGLE-ORCHID14,8,0,MEEPO,,Planters
PLANTER-BROWN-RECTANGLE-ORCHID12-P08,PLANTER-BROWN-RECTANGLE-ORCHID12,8,0,MEEPO,,Planters
PLANTER-ROUNDORCHID-SAUCER12-03,PLANTER-ROUNDORCHID-SAUCER12-03,1,0,MEEPO,,Planters
PLANTER-COLOUR-HOOK-RAJ9-P04,PLANTER-COLOUR-HOOK-RAJ9,4,0,MEEPO,,Planters
PLANTER-COLOUR-HOOK-RAJ7-P02,PLANTER-COLOUR-HOOK-RAJ7,2,0,MEEPO,,Planters
CAP-BASEBALL-PLAIN-NAVYBLUE,CAP-BASEBALL-PLAIN-NAVYBLUE,1,0,lowercase,,Caps
PLANTER-BROWN-SQUARE-ORCHID10-P02,PLANTER-BROWN-SQUARE-ORCHID10,2,0,MEEPO,,Planters
L-CAP-RAIN-BASEBALL-NAVYBLUE,L-CAP-RAIN-BASEBALL-NAVYBLUE,1,0,lowercase,,Caps
PLANTER-BROWN-RECTANGLE-ORCHID20-P08,PLANTER-BROWN-RECTANGLE-ORCHID20,8,0,MEEPO,,Planters
FJ-QFLF-BP5Y,FJ-QFLF-BP5Y,1,0,none,,
L-CAP-BASEBALL-RED,L-CAP-BASEBALL-RED,1,0,lowercase,,Caps
PLANTER-BROWN-ROUND-ROSE10-P08,PLANTER-BROWN-ROUND-ROSE10,8,0,MEEPO,,Planters
L-ARMSLEEVES-FULL-WHITE,L-ARMSLEEVES-FULL-WHITE,1,0,lowercase,,Arm Sleeves
L-CAP-BASEBALL-NEON,L-CAP-BASEBALL-NEON,1,0,lowercase,,Caps
PLANTER-BROWN-ROUND-ROSE12-P04,PLANTER-BROWN-ROUND-ROSE12,4,0,MEEPO,,Planters
L-CAP-BASEBALL-PO2-WHITEMUSTARD,L-CAP-BASEBALL-WHITEMUSTARD,2,0,lowercase,,Caps
CAP-NAVYBLUE-DRYFIT,CAP-NAVYBLUE-DRYFIT,1,0,lowercase,,Caps
CAP-BASEBALL-PLAIN-ORANGE,CAP-BASEBALL-PLAIN-ORANGE,1,0,lowercase,,Caps
L-CAP-BASEBALL-CAMOUFLAGE,L-CAP-BASEBALL-CAMOUFLAGE,1,0,lowercase,,Caps
CAP-BASEBALL-PLAIN-GREY,CAP-BASEBALL-PLAIN-GREY,1,0,lowercase,,Caps
PLANTER-BROWN-SQUARE-ORCHID8-P01,PLANTER-BROWN-SQUARE-ORCHID8,1,0,MEEPO,,Planters
CAP-BASEBALL-PLAIN-CHARCOAL,CAP-BASEBALL-PLAIN-CHARCOAL,1,0,lowercase,,Caps
L-CAP-BASEBALL-PO2-GREENRED,L-CAP-BASEBALL-GREENRED,2,0,lowercase,,Caps
L-CAP-BASEBALL-PO2-BLACKWHITE,L-CAP-BASEBALL-BLACKWHITE,2,0,lowercase,,Caps
CAP-BLACK-DRYFIT,CAP-BLACK-DRYFIT,1,0,lowercase,,Caps
L-CAP-BASEBALL-GREY,L-CAP-BASEBALL-GREY,1,0,lowercase,,Caps
CAPS-PARA-CHARCOAL,CAPS-PARA-CHARCOAL,1,0,lowercase,,Caps
L-CAP-RAIN-BASEBALL-BROWN,L-CAP-RAIN-BASEBALL-BROWN,1,0,lowercase,,Caps
L-MASK-HALF-PACKOF1-BLUE,L-MASK-HALF-BLUE,1,0,lowercase,,Face Masks
MUFFLER-STRIPE-GREY-BLACK,MUFFLER-STRIPE-GREY-BLACK,1,0,none,,Mufflers & Scarves
L-CAP-BASEBALL-FULLNET-BLACK,L-CAP-BASEBALL-FULLNET-BLACK,1,0,lowercase,,Caps
PLANTER-BROWN-ROUND-ROSE8-P01,PLANTER-BROWN-ROUND-ROSE8,1,0,MEEPO,,Planters
MUFFLER-COMP-BEIGE,MUFFLER-COMP-BEIGE,1,0,none,,Mufflers & Scarves
CAPS-PARA-BLACK,CAPS-PARA-BLACK,1,0,lowercase,,Caps
L-MASK-HALF-PACKOF1-GREY,L-MASK-HALF-GREY,1,0,lowercase,,Face Masks
EARMUFF-PREMIUM,EARMUFF-PREMIUM,1,0,none,,Earmuffs
GLOVES-GYM-SPORTS,GLOVES-GYM-SPORTS,1,0,none,,Gloves
CAPS-PARA-BLUE,CAPS-PARA-BLUE,1,0,lowercase,,Caps
CAP-GOLF-GREY,CAP-GOLF-GREY,1,0,lowercase,,Caps
CAP-GOLF-BEIGE,CAP-GOLF-BEIGE,1,0,lowercase,,Caps
PLANTER-BROWN-ROUND-ROSE10-P02,PLANTER-BROWN-ROUND-ROSE10,2,0,MEEPO,,Planters
L-CAP-BASEBALL-GREY-FBA,L-CAP-BASEBALL-GREY-FBA,1,0,lowercase,,Caps
CAP-DRYFIT-NAVYBLUE,CAP-DRYFIT-NAVYBLUE,1,0,lowercase,,Caps
PLANTER-BROWN-RECTANGLE-ORCHID20-P04,PLANTER-BROWN-RECTANGLE-ORCHID20,4,0,MEEPO,,Planters
L-CAP-RAIN-MILITARY-NAVY,L-CAP-RAIN-MILITARY-NAVY,1,0,lowercase,,Caps
MUFFLER-PLAIN-BLACK,MUFFLER-PLAIN-BLACK,1,0,none,,Mufflers & Scarves
PLANTER-MULTICOLOUR-HANGINGPLANTER7-P06,PLANTER-MULTICOLOUR-HANGINGPLANTER7,6,0,MEEPO,,Planters
PLANTER-ROUNDORCHID-SAUCER10-12,PLANTER-ROUNDORCHID-SAUCER10-12,1,0,MEEPO,,Planters
CAPS-PARA-NAVYBLUE,CAPS-PARA-NAVYBLUE,1,0,lowercase,,Caps
L-CAP-BASEBALL-PO2-CORALRED,L-CAP-BASEBALL-CORALRED,2,0,lowercase,,Caps
PLANTER-BROWN-ROUND-ROSE12-P02,PLANTER-BROWN-ROUND-ROSE12,2,0,MEEPO,,Planters
PLANTER-BROWN-RECTANGLE-ORCHID14-P04,PLANTER-BROWN-RECTANGLE-ORCHID14,4,0,MEEPO,,Planters
PLANTER-BROWN-SQUARE-ORCHID12-PO1,PLANTER-BROWN-SQUARE-ORCHID12,1,0,MEEPO,,Planters
CAP-BASEBALL-PLAIN-SKYBLUE,CAP-BASEBALL-PLAIN-SKYBLUE,1,0,lowercase,,Caps
CAPS-PARA-RED,CAPS-PARA-RED,1,0,lowercase,,Caps
L-CAP-BASEBALL-PO2-BEIGEMAROON,L-CAP-BASEBALL-BEIGEMAROON,2,0,lowercase,,Caps
MUFFLER-STRIPE-BROWN-BLACK,MUFFLER-STRIPE-BROWN-BLACK,1,0,none,,Mufflers & Scarves
L-CAP-BASEBALL-PO2-OLIVECHARCOAL,L-CAP-BASEBALL-OLIVECHARCOAL,2,0,lowercase,,Caps
L-MASK-HALF-PACKOF1-DARKGREY,L-MASK-HALF-DARKGREY,1,0,lowercase,,Face Masks
CAP-GOLF-BLACK,CAP-GOLF-BLACK,1,0,lowercase,,Caps
PLANTER-MULTICOLOUR-HANGINGPLANTER6-P03,PLANTER-MULTICOLOUR-HANGINGPLANTER6,3,0,MEEPO,,Planters
L-ARMSLEEVES-FULL-BEIGE,L-ARMSLEEVES-FULL-BEIGE,1,0,lowercase,,Arm Sleeves
PLANTER-ROUND-MULTICOLOR8-P05,PLANTER-ROUND-MULTICOLOR8,5,0,MEEPO,,Planters
PLANTER-BROWN-SQUARE-ORCHID10-P01,PLANTER-BROWN-SQUARE-ORCHID10,1,0,MEEPO,,Planters
CAPS-PARA-NAVY,CAPS-PARA-NAVY,1,0,lowercase,,Caps
L-CAP-BASEBALL-PO2-MAROONGREY,L-CAP-BASEBALL-MAROONGREY,2,0,lowercase,,Caps
L-CAP-BASEBALL-PO2-BLACKYELLOW,L-CAP-BASEBALL-BLACKYELLOW,2,0,lowercase,,Caps
PLANTER-BROWN-ROUND-PLAIN10-P01,PLANTER-BROWN-ROUND-PLAIN10,1,0,MEEPO,,Planters
PLANTER-MULTICOLOUR-DOUBLEHOOK9-P03,PLANTER-MULTICOLOUR-DOUBLEHOOK9,3,0,MEEPO,,Planters
CAPS-PARA-AQUA,CAPS-PARA-AQUA,1,0,lowercase,,Caps
PLANTER-BROWN-RECTANGLE-ORCHID18-P04,PLANTER-BROWN-RECTANGLE-ORCHID18,4,0,MEEPO,,Planters
CAP-BASEBALL-PLAIN-BEIGE,CAP-BASEBALL-PLAIN-BEIGE,1,0,lowercase,,Caps
L-CAP-BASEBALL-NET-HALF-RED,L-CAP-BASEBALL-NET-HALF-RED,1,0,lowercase,,Caps
L-CAP-RAIN-BASEBALL-BLACK,L-CAP-RAIN-BASEBALL-BLACK,1,0,lowercase,,Caps
PLANTER-BROWN-SQUARE-ORCHID8-P02,PLANTER-BROWN-SQUARE-ORCHID8,2,0,MEEPO,,Planters
H9-BUTE-OV6I,H9-BUTE-OV6I,1,0,none,,
L-CAP-BASEBALL-FULLNET-WHITE,L-CAP-BASEBALL-FULLNET-WHITE,1,0,lowercase,,Caps
PLANTER-ROUNDORCHID-SAUCER12-06,PLANTER-ROUNDORCHID-SAUCER12-06,1,0,MEEPO,,Planters
PLANTER-BROWN-SQUARE-ORCHID10-P04,PLANTER-BROWN-SQUARE-ORCHID10,4,0,MEEPO,,Planters
L-CAP-BASEBALL-PO2-NAVYBLUEYELLOW,L-CAP-BASEBALL-NAVYBLUEYELLOW,2,0,lowercase,,Caps
L-CAP-BASEBALL-NET-HALF-WHITE,L-CAP-BASEBALL-NET-HALF-WHITE,1,0,lowercase,,Caps
L-CAP-BASEBALL-PO2-BEIGENAVYBLUE,L-CAP-BASEBALL-BEIGENAVYBLUE,2,0,lowercase,,Caps
L-ARMSLEEVES-FULL-BLACK,L-ARMSLEEVES-FULL-BLACK,1,0,lowercase,,Arm Sleeves
PLANTER-BROWN-SQUARE-ORCHID12-P02,PLANTER-BROWN-SQUARE-ORCHID12,2,0,MEEPO,,Planters
L-CAP-BASEBALL-PO2-OLIVEBEIGE,L-CAP-BASEBALL-OLIVEBEIGE,2,0,lowercase,,Caps
MN-GLSY-JIHN,MN-GLSY-JIHN,1,0,none,,
PLANTER-BROWN-SQUARE-ORCHID8-P04,PLANTER-BROWN-SQUARE-ORCHID8,4,0,MEEPO,,Planters
L-CAP-BASEBALL-NET-HALF-RED-WHITE,L-CAP-BASEBALL-NET-HALF-RED-WHITE,1,0,lowercase,,Caps
L-CAP-RAIN-MILITARY-GREEN,L-CAP-RAIN-MILITARY-GREEN,1,0,lowercase,,Caps
L-CAP-BASEBALL-PO2-ORANGESKYBLUE,L-CAP-BASEBALL-ORANGESKYBLUE,2,0,lowercase,,Caps
PLANTER-BROWN-SQUARE-ORCHID12-P04,PLANTER-BROWN-SQUARE-ORCHID12,4,0,MEEPO,,Planters
PLANTER-ROUNDORCHID-SAUCER10-06,PLANTER-ROUNDORCHID-SAUCER10-06,1,0,MEEPO,,Planters
L-CAP-BASEBALL-PO2-PINKSKYBLUE,L-CAP-BASEBALL-PINKSKYBLUE,2,0,lowercase,,Caps
PLANTER-ROUNDORCHID-SAUCER10-01,PLANTER-ROUNDORCHID-SAUCER10-01,1,0,MEEPO,,Planters
L-CAP-BASEBALL-PO2-PINKWHITE,L-CAP-BASEBALL-PINKWHITE,2,0,lowercase,,Caps
L-CAP-RAIN-MILITARY-BLACK,L-CAP-RAIN-MILITARY-BLACK,1,0,lowercase,,Caps
PLANTER-BROWN-SQUARE-ORCHID10-P08,PLANTER-BROWN-SQUARE-ORCHID10,8,0,MEEPO,,Planters
PLANTER-ROUNDORCHID-SAUCER10-03,PLANTER-ROUNDORCHID-SAUCER10-03,1,0,MEEPO,,Planters
PLANTERS-COLOR-ROUND-FULORA9-P03,PLANTER-COLOR-ROUND-FULORA9,3,0,MEEPO,,Planters
PLANTERS-COLOR-ROUND-FULORA7-P03,PLANTER-COLOR-ROUND-FULORA7,3,0,MEEPO,,Planters
SWEATSHIRT-NAVYBLUE-SOLID-L,SWEATSHIRT-NAVYBLUE-SOLID-L,1,0,none,,Sweatshirts
PLANTER-ROUNDORCHID-SAUCER14-01,PLANTER-ROUNDORCHID-SAUCER14-01,1,0,MEEPO,,Planters
PLANTERS-COLOR-ROUND-FULORA5-P05,PLANTER-COLOR-ROUND-FULORA5,5,0,MEEPO,,Planters
SWEATSHIRT-NAVYBLUE-SOLID-XL,SWEATSHIRT-NAVYBLUE-SOLID-XL,1,0,none,,Sweatshirts
RD-6FXN-BXL1,RD-6FXN-BXL1,1,0,none,,
SWEATSHIRT-NAVYBLUE-SOLID-XXL,SWEATSHIRT-NAVYBLUE-SOLID-XXL,1,0,none,,Sweatshirts
PLANTERS-COLOR-ROUND-FULORA9-P05,PLANTER-COLOR-ROUND-FULORA9,5,0,MEEPO,,Planters
PLANTER-ROUNDORCHID-SAUCER8-03,PLANTER-ROUNDORCHID-SAUCER8-03,1,0,MEEPO,,Planters
SWEATSHIRT-BLACK-SOLID-L,SWEATSHIRT-BLACK-SOLID-L,1,0,none,,Sweatshirts
PLANTER-ROUNDORCHID-SAUCER14-12,PLANTER-ROUNDORCHID-SAUCER14-12,1,0,MEEPO,,Planters
VINAYAK-FOG-WITHLIGHT,VINAYAK-FOG-WITHLIGHT,1,0,vinayak,,
WG-C2Y0-3RUZ,WG-C2Y0-3RUZ,1,0,none,,
WJ-C4SJ-YSNH,WJ-C4SJ-YSNH,1,0,none,,
XB-DY0V-055U,XB-DY0V-055U,1,0,none,,
PLANTER-ROUNDORCHID-SAUCER8-12,PLANTER-ROUNDORCHID-SAUCER8-12,1,0,MEEPO,,Planters
SWEATSHIRT-BLACK-SOLID-XL,SWEATSHIRT-BLACK-SOLID-XL,1,0,none,,Sweatshirts
SWEATSHIRT-BLACK-SOLID-XXL,SWEATSHIRT-BLACK-SOLID-XXL,1,0,none,,Sweatshirts
QS-GO34-7RAC,QS-GO34-7RAC,1,0,none,,
PLANTER-ROUNDORCHID-SAUCER8-01,PLANTER-ROUNDORCHID-SAUCER8-01,1,0,MEEPO,,Planters
S5-Q8QK-YJ7R,S5-Q8QK-YJ7R,1,0,none,,
PLANTERS-COLOR-ROUND-FULORA5-P03,PLANTER-COLOR-ROUND-FULORA5,3,0,MEEPO,,Planters
PLANTER-ROUNDORCHID-SAUCER14-03,PLANTER-ROUNDORCHID-SAUCER14-03,1,0,MEEPO,,Planters
VF-QQRJ-ZZ5R,VF-QQRJ-ZZ5R,1,0,none,,
PLANTER-ROUNDORCHID-SAUCER14-06,PLANTER-ROUNDORCHID-SAUCER14-06,1,0,MEEPO,,Planters
Z0-BF9P-I389,Z0-BF9P-I389,1,0,none,,
PLANTERS-COLOR-ROUND-FULORA7-P05,PLANTER-COLOR-ROUND-FULORA7,5,0,MEEPO,,Planters
PLANTER-ROUNDORCHID-SAUCER8-06,PLANTER-ROUNDORCHID-SAUCER8-06,1,0,MEEPO,,Planters
QY-G61Z-8RE9,QY-G61Z-8RE9,1,0,none,,
flowerpot_5,flowerpot_5,1,0,MEEPO,,Planters
PZ-R11V-MVPX,PZ-R11V-MVPX,1,0,none,,
WALLET-BOX-WOODLAND-BROWN,WALLET-BOX-WOODLAND-BROWN,1,0,woodland,,Wallet Accessories
ZV-5N94-76B7,ZV-5N94-76B7,1,0,none,,
SLEEVES-HALF-PINK,SLEEVES-HALF-PINK,1,0,lowercase,,Arm Sleeves
TR-BUBU-ZXQV,TR-BUBU-ZXQV,1,0,none,,
WALLET-BOX-WOODLAND-BLACK,WALLET-BOX-WOODLAND-BLACK,1,0,woodland,,Wallet Accessories