sku,qty,category
25-UZ7P-MB9Z,9,25
2L-4L4E-SECU,7,2L
48-J9LB-ACWM,15,48
A-TSHIRT-BLACK-PRINT-COFFEE-M,1,A
A-TSHIRT-BLACK-PRINT-SUN-L,2,A
A-TSHIRT-BLACK-PRINT-SUN-M,1,A
AK-O5V0-6K6W,2,AK
AK-ZZR6-ZP97,3,AK
BANDANA-HANKY-PAISLEY-BLACK,1,BANDANA
BANDANA-HANKY-PAISLEYPO3-BLACKBLUEORANGE,3,BANDANA
BANDANA-PACKOF5-PATTERN-BLACK,200,BANDANA
BANDANA-PACKOF5-PATTERN-BLUE,15,BANDANA
BANDANA-PACKOF5-PATTERN-CAMOCHECKED,30,BANDANA
BANDANA-PACKOF5-PATTERN-CAMOREGULAR,170,BANDANA
BANDANA-PACKOF5-PATTERN-MULTICOLOR,20,BANDANA
BANDANA-PACKOF5-PATTERN-SKULL,35,BANDANA
BANDANA-PACKOF5-SOLID-BLACK,35,BANDANA
BEANIE-FOLD-BINGO-BRICK,1,BEANIE
BEANIE-FOLD-BINGO-LIGHTBROWN,1,BEANIE
BEANIE-FOLD-BRAND-GREEN,1,BEANIE
BEANIE-FOLD-BRAND-GREY,1,BEANIE
BEANIE-FOLD-BRAND-MAROON,1,BEANIE
BEANIE-FOLD-KING-ASHGREEN,1,BEANIE
BEANIE-FOLD-PLAIN-GREY,1,BEANIE
BEANIE-FUR-SHORT-GREY,1,BEANIE
BEANIE-FUR-SHORT-MAROON,1,BEANIE
BEANIE-LONG-SLOUCHY-BLACK,1,BEANIE
BEANIE-LONGFUR-BEIGE,2,BEANIE
BEANIE-LONGFUR-BLACK,3,BEANIE
BEANIE-LONGFUR-CHARCOAL,1,BEANIE
BEANIE-LONGFUR-MAROON,5,BEANIE
BEANIE-SHORTFUR-BLACK,8,BEANIE
BEANIE-SHORTFUR-GREY,2,BEANIE
BEANIE-SHORTFUR-OLIVE,3,BEANIE
BEANIE-SLOUCHY-LONG-BIEGE,1,BEANIE
BEANIE-SLOUCHY-LONG-BLACK,-1,BEANIE
BEANIE-SLOUCHY-LONG-MAROON,4,BEANIE
BLACK-PARA-CAP,-3,BLACK
BOX-PLAIN-5X3X2,0,BOX
BOX-PLAIN-7X5X1.5,3,BOX
BOX-PLAIN-9X6X4,-1,BOX
Bandana,1,Bandana
CAP-BASEBALL-NET-BLACK,3,CAP
CAP-BASEBALL-NET-HALF-BLACK,16,CAP
CAP-BASEBALL-NET-HALF-NAVYBLUE,3,CAP
CAP-BASEBALL-NET-HALF-PINK,1,CAP
CAP-BASEBALL-NET-HALF-WHITE,2,CAP
CAP-BASEBALL-NY-BLACKWHITE_,1,CAP
CAP-BASEBALL-NY-GREYWHITE,2,CAP
CAP-BASEBALL-NY-NAVYWHITE,24,CAP
CAP-BASEBALL-NY-WHITEBLACK_,17,CAP
CAP-BASEBALL-PLAIN-BEIGE,1,CAP
CAP-BASEBALL-PLAIN-CHARCOAL,2,CAP
CAP-BASEBALL-PLAIN-MAROON,2,CAP
CAP-BASEBALL-PLAIN-MUSTARD,1,CAP
CAP-BASEBALL-PLAIN-OLIVEGREEN,2,CAP
CAP-BLACK-DRYFIT,2,CAP
CAP-NAVYBLUE-DRYFIT,26,CAP
CAP-NY-BASEBALL-BLACKBLACK,1,CAP
CAP-NY-BASEBALL-BLACKWHITE,-1,CAP
CAP-NY-BASEBALL-WHITEBLACK,2,CAP
CAP-TRUCKER-BLACK,-1,CAP
CAP-TRUCKER-OLIVE,1,CAP
CAPS-DRYFIT-BLACK,1,CAP
CAPS-PARA-BLACK,33,CAP
CAPS-PARA-NAVY,-1,CAP
CAPS-PARA-NAVYBLUE,15,CAP
CAPS-PARA-WHITE,25,CAP
EARMUFF-PREMIUM,11,EARMUFF
GARLAND-22-6ROSE,-1,GARLAND
GIRLS-EARMUFFS,3,GIRLS
L-ARMSLEEVES-HALF-BEIGE,2,L
L-ARMSLEEVES-HALF-WHITE,4,L
L-CAP-BASEBALL-BEIGE,264,CAP
L-CAP-BASEBALL-BLACK,79,CAP
L-CAP-BASEBALL-CAMOUFLAGE,5,CAP
L-CAP-BASEBALL-CHARCOAL,53,CAP
L-CAP-BASEBALL-FULLNET-BLACK,24,CAP
L-CAP-BASEBALL-FULLNET-WHITE,39,CAP
L-CAP-BASEBALL-GREY,2,CAP
L-CAP-BASEBALL-GREY-FBA,138,CAP
L-CAP-BASEBALL-MAROON,23,CAP
L-CAP-BASEBALL-MUSTARD,7,CAP
L-CAP-BASEBALL-NAVYBLUE,51,CAP
L-CAP-BASEBALL-NET-HALF-BLACK,8,CAP
L-CAP-BASEBALL-NET-HALF-CHARCOAL,6,CAP
L-CAP-BASEBALL-NET-HALF-GREY,1,CAP
L-CAP-BASEBALL-NET-HALF-NAVYBLUE,4,CAP
L-CAP-BASEBALL-NET-HALF-OLIVE,1,CAP
L-CAP-BASEBALL-NET-HALF-RED,3,CAP
L-CAP-BASEBALL-NET-HALF-WHITE,1,CAP
L-CAP-BASEBALL-OLIVEGREEN,25,CAP
L-CAP-BASEBALL-ORANGE,5,CAP
L-CAP-BASEBALL-PINK,6,CAP
L-CAP-BASEBALL-PO2-BEIGEMAROON,1,CAP
L-CAP-BASEBALL-PO2-BEIGENAVYBLUE,2,CAP
L-CAP-BASEBALL-PO2-BLACKGREY,3,CAP
L-CAP-BASEBALL-PO2-BLACKORANGE,1,CAP
L-CAP-BASEBALL-PO2-BLACKWHITE,2,CAP
L-CAP-BASEBALL-PO2-GREYWHITE,1,CAP
L-CAP-BASEBALL-PO2-MAROONGREY,1,CAP
L-CAP-BASEBALL-PO2-OLIVEBEIGE,-1,CAP
L-CAP-BASEBALL-WHITE,47,CAP
L-CAP-RAIN-BASEBALL-BLACK,85,CAP
L-CAP-RAIN-BASEBALL-BLACK1,7,CAP
L-CAP-RAIN-BASEBALL-GREY,31,CAP
L-CAP-RAIN-BASEBALL-NAVYBLUE,113,CAP
L-CAP-RAIN-BASEBALL-NAVYBLUE1,9,CAP
L-CAP-RAIN-MILITARY-BLACK,103,CAP
L-CAP-RAIN-MILITARY-NAVY,99,CAP
L-MASK-HALF-PACKOF2-BLACK,3,L
L-MASK-HALF-PACKOF4-BLACK,3,L
L-STOLE-SILK-WHITE,-2,L
M-PLANTER-BROWN-ROUND-ROSE12,-2,M
M-PLANTER-BROWN-ROUND-ROSE8,4,M
M-PLANTERS-COLOR-SQUARE-STERLING4,1,M
MASK-HALFBIKER-BLACK,56,MASK
MUFFLER-COMP-BEIGE,1,MUFFLER
PLANTER-BROWN-RECTANGLE-ORCHID18,4,PLANTER
PLANTER-BROWN-ROUND-PLAIN12,3,PLANTER
PLANTER-BROWN-ROUND-ROSE10,8,PLANTER
PLANTER-BROWN-ROUND-ROSE12,8,PLANTER
PLANTER-BROWN-ROUND-ROSE8,8,PLANTER
PLANTER-BROWN-SQUARE-ORCHID10,38,PLANTER
PLANTER-BROWN-SQUARE-ORCHID12,20,PLANTER
PLANTER-BROWN-SQUARE-ORCHID8,54,PLANTER
PLANTER-COLOR-EXPERT,6,PLANTER
PLANTER-COLOR-SINGLEHOOK-RAJ6,8,PLANTER
PLANTER-COLOUR-HOOK-RAJ6,42,PLANTER
PLANTER-COLOUR-HOOK-RAJ7,4,PLANTER
PLANTER-COLOUR-HOOK-RAJ9,14,PLANTER
PLANTER-MULTICOLOUR-DOUBLEHOOK11,9,PLANTER
PLANTER-MULTICOLOUR-DOUBLEHOOK9,96,PLANTER
PLANTER-ROUNDORCHID-SAUCER10,6,PLANTER
PLANTER-ROUNDORCHID-SAUCER12,72,PLANTER
PLANTER-ROUNDORCHID-SAUCER14,61,PLANTER
PLANTER-ROUNDORCHID-SAUCER8,44,PLANTER
PLANTERS-COLOR-ROUND-FULORA5,1,PLANTER
S5-Q8QK-YJ7R,1,S5
SLEEVES-HALF-WHITE,1,SLEEVES
SWEATSHIRT-BLACK-SOLID-L,-1,SWEATSHIRT
TSHIRT-BLACK-PRINT-SUN-M,1,TSHIRT
VF-QQRJ-ZZ5R,6,VF
WJ-C4SJ-YSNH,3,WJ
